Titulo,Ano,Lancamento na Plataforma
10 Things I Hate About You,1999,"November 12, 2019"
101 Dalmatian Street,2018–,"February 28, 2020"
101 Dalmatians,1996,"November 12, 2019"
101 Dalmatians 2: Patch's London Adventure,2002,"November 12, 2019"
102 Dalmatians,2000,"November 12, 2019"
12 Dates of Christmas,2011,"November 12, 2019"
"20,000 Leagues Under the Sea",1954,"November 12, 2019"
A Bug's Life,1998,"November 12, 2019"
A Celebration of the Music from Coco,2020,"April 10, 2020"
A Goofy Movie,1995,"November 12, 2019"
A Kid in King Arthur's Court,1995,"November 12, 2019"
A Knight for a Day,1946,"November 12, 2019"
A Ring of Endless Light,2002,"November 12, 2019"
A Tale of Two Critters,1977,"April 3, 2020"
A Wrinkle in Time,2018,"March 25, 2020"
Aladdin,2019,"January 8, 2020"
Aladdin,1992,"November 12, 2019"
Aladdin and the King of Thieves,1996,"November 12, 2019"
Aladdin and the Return of Jafar,1994,"November 12, 2019"
Alice in Wonderland,1951,"November 12, 2019"
Alice in Wonderland,2010,"November 12, 2019"
Aliens of the Deep,2005,"November 12, 2019"
All in a Nutshell,1949,"April 3, 2020"
Alley Cats Strike,2000,"November 12, 2019"
Almost Angels,1962,"November 12, 2019"
America's Funniest Home Videos,1989–,"April 24, 2020"
America's Heart & Soul,2004,"November 12, 2019"
America's National Parks,2015–,"January 15, 2020"
Amy,1981,"November 12, 2019"
An Extremely Goofy Movie,2000,"November 12, 2019"
Andi Mack,2017–2019,"November 12, 2019"
Annie,1999,"November 12, 2019"
Apollo: Missions to the Moon,2019,"November 12, 2019"
Around the World in 80 Days,2004,"February 1, 2020"
Atlantis Rising,2017,"November 12, 2019"
Atlantis: Milo's Return,2003,"November 12, 2019"
Atlantis: The Lost Empire,2001,"November 12, 2019"
Auntie Edna,2018,"November 12, 2019"
Austin & Ally,2011–2016,"January 1, 2020"
Avatar,2009,"November 12, 2019"
Babes in the Woods,1932,"November 12, 2019"
Babes in Toyland,1961,"November 12, 2019"
Bambi,1942,"November 12, 2019"
Bambi and the Great Prince of the Forest,2006,"November 12, 2019"
Bao,2018,"November 12, 2019"
Be Our Chef,2020–,"March 27, 2020"
Beach Picnic,1939,"November 12, 2019"
Bearly Asleep,1955,"November 12, 2019"
Beauty and the Beast,1991,"November 12, 2019"
Belle's Magical World,1998,"November 12, 2019"
Beauty and the Beast: The Enchanted Christmas,1997,"November 12, 2019"
Because of Winn-Dixie,2005,"February 14, 2020"
Bedknobs and Broomsticks,1971,"October 1, 2019"
Bedtime Stories,2008,"March 5, 2020"
Beezy Bear,1955,"November 12, 2019"
Before the Flood,2016,"November 12, 2019"
Benji the Hunted,1987,"November 12, 2019"
Best Friends Whenever,2015–2016,"November 12, 2019"
Big Business,1988,"February 1, 2020"
Big City Greens,2018–,"November 12, 2019"
Big Hero 6,2014,"November 12, 2019"
Billy Dilley's Super-Duper Subterranean Summer,2017–,"January 1, 2020"
Bizarre Dinosaurs,2009,"November 12, 2019"
Blackbeard's Ghost,1968,"October 1, 2019"
Blank Check,1994,"November 12, 2019"
Bluey,2018–,"January 22, 2020"
Boat Builders,1938,"November 12, 2019"
Bolt,2008,"November 12, 2019"
Bonkers,1993–1994,"November 12, 2019"
Boundin',2003,"November 12, 2019"
Boy Meets World,1993–2000,"November 12, 2019"
Brain Games,2011–,"November 12, 2019"
Brave,2012,"November 12, 2019"
The Brave Little Toaster to the Rescue,1997,"November 12, 2019"
Breaking2,2017,"November 12, 2019"
Brink!,1998,"November 12, 2019"
Brother Bear,2003,"November 12, 2019"
Brother Bear 2,2006,"November 12, 2019"
Buffalo Dreams,2005,"November 12, 2019"
Bug Juice: My Adventures at Camp,2018–,"November 12, 2019"
Burn-E,2008,"November 12, 2019"
Cadet Kelly,2002,"November 12, 2019"
Camp Nowhere,1994,"November 12, 2019"
Camp Rock,2008,"November 12, 2019"
Camp Rock 2: The Final Jam,2010,"November 12, 2019"
Can of Worms,1999,"November 12, 2019"
Candleshoe,1977,"November 12, 2019"
Canine Caddy,1941,"November 12, 2019"
Cars,2006,"November 12, 2019"
Cars 2,2011,"November 12, 2019"
Cars 3,2017,"November 12, 2019"
Tokyo Mater,2008,"January 1, 2020"
Cheaper by the Dozen,2003,"February 14, 2020"
Cheetah,1989,"November 12, 2019"
Chef Donald,1941,"November 12, 2019"
Chicken Little,2005,"November 12, 2019"
Chip 'n' Dale Rescue Rangers,1988–1990,"November 12, 2019"
Chip an' Dale,1947,"November 12, 2019"
Cinderella,1950,"November 12, 2019"
Cinderella 2: Dreams Come True,2001,"November 12, 2019"
Cinderella 3: A Twist in Time,2007,"November 12, 2019"
Clock Cleaners,1937,"November 12, 2019"
Cloud 9,2014,"November 12, 2019"
Coco,2017,"November 29, 2019"
College Road Trip,2008,"November 12, 2019"
Confessions of a Teenage Drama Queen,2004,"November 12, 2019"
Continent 7: Antarctica,2016,"January 15, 2020"
Cool Runnings,1993,"January 1, 2020"
Coop and Cami Ask the World,2018–,"November 12, 2019"
Corn Chips,1951,"November 12, 2019"
Cow Belles,2006,"November 12, 2019"
Crash & Bernstein,2012–2014,"November 12, 2019"
Dadnapped,2009,"November 12, 2019"
Darby O'Gill and the Little People,1959,"November 12, 2019"
Darkwing Duck,1991–1992,"November 12, 2019"
Davy Crockett and the River Pirates,1956,"November 12, 2019"
Davy Crockett: King of the Wild Frontier,1955,"November 12, 2019"
Day & Night,2010,"November 12, 2019"
Decorating Disney: Holiday Magic,2017,"November 12, 2019"
Deep Blue,2003,"November 12, 2019"
Descendants 2,2017,"November 12, 2019"
Descendants 3,2019,"February 2, 2020"
Destino,2003,"January 10, 2020"
Diana: In Her Own Words,2017,"November 12, 2019"
Diary of a Future President,2020–,"January 17, 2020"
Diary of a Wimpy Kid,2010,"November 12, 2019"
Dinosaur,2000,"November 12, 2019"
Adventures in Babysitting,2016,"November 12, 2019"
Amphibia,2019–,"November 12, 2019"
Avalon High,2010,"November 12, 2019"
Bad Hair Day,2015,"November 12, 2019"
Big Hero 6: The Series,2017–,"November 12, 2019"
Bizaardvark,2016–2019,"November 12, 2019"
Den Brother,2010,"November 12, 2019"
Descendants,2015,"November 12, 2019"
Descendants: Wicked World,2015–,"November 12, 2019"
The Evermoor Chronicles,2014–,"November 12, 2019"
Family Sundays,2019–,"November 12, 2019"
Fancy Nancy,2018–,"November 12, 2019"
Fast Layne,2019,"November 12, 2019"
Girl Vs. Monster,2012,"November 12, 2019"
Gravity Falls,2012–2016,"November 12, 2019"
I Didn't Do It,2014–2015,"March 20, 2020"
Insider,2020–,"March 20, 2020"
Jake and the Never Land Pirates,2011–2016,"November 12, 2019"
Jonas,2009–2010,"November 12, 2019"
Disney Junior Music Nursery Rhymes,2018–,"November 12, 2019"
K.C. Undercover,2015–2018,"November 12, 2019"
Lab Rats: Elite Force,2016–2019,"November 12, 2019"
Legend of the Three Caballeros,2018–,"November 12, 2019"
Mickey Mouse Clubhouse,2006–2016,"November 12, 2019"
Milo Murphy's Law,2016–,"November 12, 2019"
Minnie's Bow-Toons,2011–2016,"November 12, 2019"
Randy Cunningham: 9th Grade Ninja,2012–2015,"January 15, 2020"
Raven's Home,2017–,"November 12, 2019"
Star vs. the Forces of Evil,2015–2019,"December 1, 2019"
Stuck in the Middle,2016–2018,"November 12, 2019"
Sydney to the Max,2019–,"November 12, 2019"
Take Two with Phineas and Ferb,2010–,"November 12, 2019"
The Lion Guard,2016–,"November 12, 2019"
Under the Sea: A Descendants Story,2018,"November 12, 2019"
Vampirina,2017–,"November 12, 2019"
Adventures of the Gummi Bears,1985–1991,"November 12, 2019"
Disney's Doug,1996–1999,"November 12, 2019"
DuckTales,1987–1990,"November 12, 2019"
Hercules,1998–1999,"November 12, 2019"
Kim Possible,2002–2007,"November 12, 2019"
Little Einsteins,2005–2009,"November 12, 2019"
Mighty Ducks,1996–1997,"November 12, 2019"
Recess,1997–2001,"November 12, 2019"
The Emperor's New School,2006–2008,"November 12, 2019"
The Kid,2000,"November 12, 2019"
The Little Mermaid,1992–1994,"November 12, 2019"
African Cats,2011,"November 12, 2019"
Bears,2014,"November 12, 2019"
Born in China,2016,"November 12, 2019"
Chimpanzee,2012,"November 12, 2019"
The Crimson Wing: Mystery of the Flamingos,2008,"November 12, 2019"
Monkey Kingdom,2015,"November 12, 2019"
Penguins,2019,"April 3, 2020"
Disneynature: Wings of Life,2011,"November 12, 2019"
Diving with Dolphins,2020,"April 3, 2020"
Doc McStuffins,2012–,"November 12, 2019"
Doctor Dolittle,1998,"April 1, 2020"
Dr. Dolittle 2,2001,"March 1, 2020"
Dog Whisperer with Cesar Millan,2004–2016,"November 12, 2019"
Dog: Impossible,2019–,"January 15, 2020"
Dolphin Reef,2020,"April 3, 2020"
Don's Fountain of Youth,1953,"April 3, 2020"
Don't Look Under the Bed,1999,"November 12, 2019"
Donald's Dog Laundry,1940,"April 3, 2020"
Donald's Golf Game,1938,"November 12, 2019"
Donald's Tire Trouble,1943,"November 12, 2019"
Double Dribble,1946,"April 3, 2020"
Double Teamed,2002,"November 12, 2019"
Doug's 1st Movie,1999,"November 12, 2019"
"Dr. Oakley, Yukon Vet",2014–,"November 12, 2019"
"Dr. T, Lone Star Vet",2019–,"January 1, 2020"
Dragon Around,1954,"April 3, 2020"
Drain Alcatraz,2017,"January 1, 2020"
Drain the Bermuda Triangle,2014,"January 1, 2020"
Drain the Great Lakes,2011,"January 1, 2020"
Drain the Ocean: WWII,2016,"January 1, 2020"
Drain the Oceans,2018–,"November 12, 2019"
Drain the Sunken Pirate City,2017,"January 1, 2020"
Drain the Titanic,2015,"January 1, 2020"
DuckTales,2017–,"November 12, 2019"
DuckTales the Movie: Treasure of the Lost Lamp,1990,"November 12, 2019"
Dug's Special Mission,2009,"November 12, 2019"
Dumbo,2019,"November 12, 2019"
Earth Live,2017,"November 12, 2019"
Eddie's Million Dollar Cook-Off,2003,"November 12, 2019"
Eight Below,2006,"November 12, 2019"
Elena of Avalor,2016–,"November 12, 2019"
Elephant,2020,"April 3, 2020"
Elmer Elephant,1936,"April 3, 2020"
Emil and the Detectives,1964,"November 12, 2019"
Empire of Dreams: The Story of the 'Star Wars' Trilogy,2004,"November 12, 2019"
Encore!,2019–,"November 12, 2019"
Escape to Witch Mountain,1975,"November 12, 2019"
Even Stevens,2000–2003,"November 12, 2019"
Expedition Amelia,2019,"December 1, 2019"
Expedition Mars,2016,"November 12, 2019"
Disney's Fairy Tale Weddings,2017–,"November 12, 2019"
Fantasia,1940,"November 12, 2019"
Fantasia 2000,1999,"November 12, 2019"
Fantastic Four: The Animated Series,1994–1996,"November 12, 2019"
Fantastic Four: World's Greatest Heroes,2006–2010,"November 12, 2019"
Ferdinand the Bull,1938,"November 12, 2019"
Finding Dory,2016,"November 12, 2019"
Finding Nemo,2003,"November 12, 2019"
First Kid,1996,"November 12, 2019"
Fish Hooks,2010–2014,"April 3, 2020"
Flight of the Navigator,1986,"November 12, 2019"
Float,2019,"November 12, 2019"
Flowers and Trees,1932,"November 12, 2019"
Flubber,1997,"November 12, 2019"
For the Birds,2000,"November 12, 2019"
Frank and Ollie,1995,"November 12, 2019"
Frankenweenie,2012,"April 1, 2020"
Frankenweenie,1984,"November 12, 2019"
Freaky Friday,1976,"November 12, 2019"
Freaky Friday,2003,"November 12, 2019"
Freaky Friday,2018,"November 12, 2019"
Free Solo,2018,"November 12, 2019"
Frenemies,2012,"November 12, 2019"
Frozen,2013,"November 12, 2019"
Frozen II,2019,"March 14, 2020"
Full-Court Miracle,2003,"November 12, 2019"
Fun and Fancy Free,1947,"November 12, 2019"
Fuzzbucket,1986,"November 12, 2019"
G-Force,2009,"March 15, 2020"
Gargoyles,1994–1996,"November 12, 2019"
Geek Charming,2011,"November 12, 2019"
Genius,1999,"November 12, 2019"
George of the Jungle,1997,"May 1, 2020"
George of the Jungle 2,2003,"December 20, 2019"
Geri's Game,1997,"November 12, 2019"
Get a Clue,2002,"November 12, 2019"
Girl Meets World,2014–2017,"November 12, 2019"
Glory Road,2006,"December 1, 2019"
Go Figure,2005,"November 12, 2019"
Going to the Mat,2004,"November 12, 2019"
Good Luck Charlie,2010–2014,"November 12, 2019"
"Good Luck Charlie, It's Christmas!",2011,"November 12, 2019"
Goof Troop,1992–1993,"November 12, 2019"
Gordon Ramsay: Uncharted,2019–,"November 12, 2019"
Gotta Kick It Up!,2002,"November 12, 2019"
The Grasshopper and the Ants,1934,"November 12, 2019"
Great Migrations,2010–,"November 12, 2019"
Greyfriars Bobby: The True Story of a Dog,1961,"November 12, 2019"
Gus,1976,"November 12, 2019"
Hacksaw,1971,"January 1, 2020"
Halloweentown,1998,"November 12, 2019"
Halloweentown High,2004,"November 12, 2019"
Halloweentown II: Kalabar's Revenge,2001,"November 12, 2019"
Handy Manny,2006–2013,"November 12, 2019"
Hannah Montana,2006–2011,"November 12, 2019"
Hannah Montana and Miley Cyrus: Best of Both Worlds Concert,2008,"November 12, 2019"
Hannah Montana: The Movie,2009,"November 12, 2019"
Hatching Pete,2009,"November 12, 2019"
Hawaiian Holiday,1937,"November 12, 2019"
Heavyweights,1995,"November 12, 2019"
Henry Hugglemonster,2013–,"December 1, 2019"
Herbie Goes Bananas,1980,"November 12, 2019"
Herbie Goes to Monte Carlo,1977,"November 12, 2019"
Herbie Rides Again,1974,"November 12, 2019"
Herbie Fully Loaded,2005,"November 12, 2019"
Hercules,1997,"November 12, 2019"
High School Musical,2006,"November 12, 2019"
High School Musical 2,2007,"November 12, 2019"
High School Musical 3,2008,"November 12, 2019"
High School Musical: The Musical - The Series,2019–,"November 12, 2019"
High School Musical: The Musical: The Series: The Special,2019,"December 20, 2019"
Hocus Pocus,1993,"November 12, 2019"
Holes,2003,"January 1, 2020"
Home Alone 3,1997,"November 12, 2019"
Home on the Range,2004,"November 12, 2019"
Homeward Bound II: Lost in San Francisco,1996,"May 1, 2020"
Homeward Bound: The Incredible Journey,1993,"May 1, 2020"
"Honey, I Blew Up the Kid",1992,"November 12, 2019"
"Honey, I Shrunk the Kids",1989,"November 12, 2019"
"Honey, We Shrunk Ourselves!",1997,"November 12, 2019"
Horse Sense,1999,"November 12, 2019"
Hostile Planet,2019–,"November 12, 2019"
Hounded,2001,"November 12, 2019"
How Dogs Got Their Shapes,2016,"November 12, 2019"
How to Build a Better Boy,2014,"November 12, 2019"
How to Fish,1942,"November 12, 2019"
How to Play Baseball,1942,"May 1, 2020"
How to Play Football,1944,"April 3, 2020"
How to Swim,1942,"November 12, 2019"
Hulk and the Agents of S.M.A.S.H.,2013–2015,"November 12, 2019"
I'll Be Home for Christmas,1998,"November 12, 2019"
Ice Age,2002,"March 1, 2020"
Ice Age: The Great Egg-Scapade,2016,"November 12, 2019"
Ice Princess,2005,"November 12, 2019"
Imagination Movers,2008–,"February 28, 2020"
In the Footsteps of Elephant,2020,"April 3, 2020"
Inside Out,2015,"November 12, 2019"
Inspector Gadget,1999,"November 12, 2019"
Inspector Gadget 2,2003,"November 12, 2019"
Into the Canyon,2019,"November 12, 2019"
Into the Okavango,2018,"November 12, 2019"
Invincible,2006,"November 12, 2019"
Invisible Sister,2015,"November 12, 2019"
Iron Man,1994–1996,"November 12, 2019"
Iron Man: Armored Adventures,2008–2012,"November 12, 2019"
Iron Will,1994,"November 12, 2019"
Jack,1996,"November 12, 2019"
Jack-Jack Attack,2005,"November 12, 2019"
James and the Giant Peach,1996,"November 12, 2019"
Jane,2017,"November 12, 2019"
Jessie,2011–2015,"November 12, 2019"
John Carter,2012,"May 2, 2020"
Johnny Kapahala: Back on Board,2007,"November 12, 2019"
Johnny Tsunami,1999,"November 12, 2019"
Jonas Brothers: The 3D Concert Experience,2009,"November 12, 2019"
Nature Untamed,2008–,"November 12, 2019"
Journey to the Center of the Earth,1959,"November 12, 2019"
Jump In!,2007,"November 12, 2019"
Jumping Ship,2001,"November 12, 2019"
Jungle 2 Jungle,1997,"November 12, 2019"
Jungle Cat,1960,"November 12, 2019"
Justin Morgan Had a Horse,1972,"October 1, 2019"
Kazaam,1996,"November 12, 2019"
Kickin' It,2011–2015,"November 12, 2019"
Kim Possible,2019,"November 12, 2019"
Kim Possible: So the Drama,2005,"November 12, 2019"
Kingdom of the Blue Whale,2009,"November 12, 2019"
Kingdom of the White Wolf,2019,"November 12, 2019"
Kitbull,2019,"November 12, 2019"
Kronk's New Groove,2005,"November 12, 2019"
La Luna,2011,"November 12, 2019"
Lab Rats,2012–2016,"November 12, 2019"
Lady and the Tramp,2019,"November 12, 2019"
Lady and the Tramp,1955,"November 12, 2019"
Lady and the Tramp 2: Scamp's Adventure,2001,"October 1, 2019"
Lambert the Sheepish Lion,1952,"April 3, 2020"
Lamp Life,2020,"January 31, 2020"
Lego Frozen Northern Lights,2016–,"November 12, 2019"
Lego Star Wars: All-Stars,2018–,"November 12, 2019"
Lego Star Wars: Droid Tales,2015,"November 12, 2019"
LEGO Star Wars: The Resistance Rises,2016,"November 12, 2019"
Lego Star Wars: The Freemaker Adventures,2016–,"November 12, 2019"
The New Yoda Chronicles: Clash of the Skywalkers,2014,"November 12, 2019"
The New Yoda Chronicles: Raid on Coruscant,2014,"November 12, 2019"
The New Yoda Chronicles: Escape from the Jedi Temple,2014,"November 12, 2019"
Lego Star Wars: The Yoda Chronicles,2013–,"November 12, 2019"
Lemonade Mouth,2011,"November 12, 2019"
Lend a Paw,1941,"November 12, 2019"
Leroy & Stitch,2006,"November 12, 2019"
Let It Shine,2012,"November 12, 2019"
Let's Stick Together,1952,"April 17, 2020"
Life Below Zero,2013–,"November 12, 2019"
Life Is Ruff,2005,"November 12, 2019"
Life with Mikey,1993,"November 12, 2019"
Life-Size 2,2018,"November 12, 2019"
Lifted,2006,"November 12, 2019"
Lilo & Stitch,2002,"November 12, 2019"
Lilo & Stitch: The Series,2003–2006,"November 12, 2019"
Lilo & Stitch 2: Stitch Has a Glitch,2005,"November 12, 2019"
Lizzie McGuire,2001–2004,"November 12, 2019"
Lonesome Ghosts,1937,"November 12, 2019"
Loop,2020,"January 10, 2020"
Lost Cities with Albert Lin,2019–,"February 21, 2020"
Lost Treasures of the Maya,2018–,"November 12, 2019"
Lou,2017,"November 12, 2019"
The Luck of the Irish,2001,"November 12, 2019"
Playdate with Destiny,2020,"April 10, 2020"
Magician Mickey,1937,"November 12, 2019"
Man Among Cheetahs,2017,"November 12, 2019"
Mars Needs Moms,2011,"April 1, 2020"
MARS: Inside SpaceX,2018,"November 12, 2019"
Marvel 75 Years: From Pulp to Pop!,2014,"January 1, 2020"
Spider-Man: The Animated Series,1994–1998,"November 12, 2019"
The Incredible Hulk,1996–1998,"November 12, 2019"
X-Men: The Animated Series,1992–1997,"November 12, 2019"
Marvel Rising: Battle of the Bands,2019,"January 1, 2020"
Marvel Rising: Chasing Ghosts,2019,"December 1, 2019"
Marvel Rising: Heart of Iron,2019,"December 1, 2019"
Marvel Rising: Initiation,2018,"November 12, 2019"
Marvel Rising: Operation Shuri,2019,"February 21, 2020"
Marvel Rising: Playing with Fire,2019,"February 21, 2020"
Marvel Rising: Secret Warriors,2018,"November 12, 2019"
Marvel Studios: Assembling a Universe,2014,"November 12, 2019"
Ant-Man,2015,"November 12, 2019"
Avengers: Age of Ultron,2015,"November 12, 2019"
Avengers: Endgame,2019,"November 12, 2019"
Black Panther,2018,"March 4, 2020"
Captain America: Civil War,2016,"November 12, 2019"
Captain America: The First Avenger,2011,"November 12, 2019"
Captain America: The Winter Soldier,2014,"November 12, 2019"
Captain Marvel,2019,"November 12, 2019"
Doctor Strange,2016,"November 12, 2019"
Guardians of the Galaxy,2014,"November 12, 2019"
Guardians of the Galaxy Vol. 2,2017,"November 12, 2019"
Iron Man,2008,"November 12, 2019"
Iron Man 2,2010,"November 12, 2019"
Iron Man 3,2013,"November 12, 2019"
The Avengers,2012,"November 12, 2019"
Thor,2011,"November 12, 2019"
Thor: Ragnarok,2017,"December 5, 2019"
Thor: The Dark World,2013,"November 12, 2019"
Marvel Super Hero Adventures,2017–,"November 12, 2019"
Ultimate Spider-Man,2012–2017,"November 12, 2019"
Agent Carter,2015–2016,"November 12, 2019"
Ant-Man,2017,"November 12, 2019"
Avengers Assemble,2013–,"November 12, 2019"
Marvel Future Avengers,2017–,"February 28, 2020"
Guardians of the Galaxy,2015–,"November 12, 2019"
Marvel's Hero Project,2019–,"November 12, 2019"
Inhumans,2017,"November 12, 2019"
Iron Man & Hulk: Heroes United,2013,"February 16, 2020"
Rocket & Groot,2017–,"November 12, 2019"
Runaways,2017–2019,"November 12, 2019"
Spider-Man,2017–,"November 12, 2019"
Mary Poppins,1964,"November 12, 2019"
Mater and the Ghostlight,2006,"November 12, 2019"
Meet the Deedles,1998,"November 12, 2019"
Meet the Robinsons,2007,"November 12, 2019"
Melody Time,1948,"November 12, 2019"
Mickey Mouse,2013–,"November 12, 2019"
The Mickey Mouse Club,1955–1958,"November 12, 2019"
Mickey Mouse Mixed-Up Adventures,2017–,"November 12, 2019"
"Mickey, Donald, Goofy: The Three Musketeers",2004,"November 12, 2019"
Mickey's Birthday Party,1942,"November 12, 2019"
Mickey's Christmas Carol,1983,"November 12, 2019"
Mickey's Once Upon a Christmas,1999,"November 12, 2019"
Mickey's Rival,1936,"November 12, 2019"
Mickey's Trailer,1938,"November 12, 2019"
Mickey's Twice Upon a Christmas,2004,"November 12, 2019"
Mighty Joe Young,1998,"November 12, 2019"
Mike's New Car,2002,"November 12, 2019"
Mission Force One,2015–,"December 1, 2019"
Millions,2004,"November 12, 2019"
Minutemen,2008,"November 12, 2019"
Miracle,2004,"November 12, 2019"
Miracle at Midnight,1998,"November 12, 2019"
Miracle in Lane 2,2000,"November 12, 2019"
Miracle Landing on the Hudson,2014,"November 12, 2019"
Miracle on 34th Street,1947,"November 12, 2019"
Mission to the Sun,2018,"November 12, 2019"
Moana,2016,"November 12, 2019"
Mom's Got a Date with a Vampire,2000,"November 12, 2019"
Monsters University,2013,"November 12, 2019"
"Monsters, Inc.",2001,"November 12, 2019"
Motocrossed,2001,"November 12, 2019"
Mr. Duck Steps Out,1940,"November 12, 2019"
Mr. Mouse Takes a Trip,1940,"November 12, 2019"
Mulan,1998,"November 12, 2019"
Mulan II,2004,"November 12, 2019"
Muppet Babies,2018–,"November 12, 2019"
Muppet Moments,2015–,"November 12, 2019"
Muppet Treasure Island,1996,"November 12, 2019"
Muppets Most Wanted,2014,"November 12, 2019"
My Favorite Martian,1999,"November 12, 2019"
My Friends Tigger & Pooh,2007–2010,"November 12, 2019"
National Treasure,2004,"April 30, 2020"
National Treasure: Book of Secrets,2007,"November 12, 2019"
Nature's Half Acre,1951,"May 1, 2020"
Newsies,1992,"November 12, 2019"
Disney's Newsies: The Broadway Musical!,2017,"November 12, 2019"
Noelle,2019,"November 12, 2019"
Now You See It...,2005,"November 12, 2019"
Olaf's Frozen Adventure,2017,"November 12, 2019"
Old Dogs,2009,"February 9, 2020"
Old Yeller,1957,"November 12, 2019"
Oliver & Company,1988,"November 12, 2019"
On Ice,1935,"April 3, 2020"
Once Upon a Mattress,2005,"November 12, 2019"
One Day at Disney,2019–,"December 3, 2019"
One Hundred and One Dalmatians,1961,"November 12, 2019"
One Magic Christmas,1985,"November 12, 2019"
One Man Band,2005,"November 12, 2019"
One Strange Rock,2018–,"January 1, 2020"
Onward,2020,"April 3, 2020"
Operation Dumbo Drop,1995,"November 12, 2019"
Origins: The Journey of Humankind,2017–,"November 12, 2019"
Out of Scale,1951,"April 3, 2020"
Out of the Box,1998–2004,"November 12, 2019"
Out There with Jack Randall,2019–,"January 1, 2020"
Paris to Pittsburgh,2018,"November 12, 2019"
Partly Cloudy,2009,"November 12, 2019"
Party Central,2014,"November 12, 2019"
Penguins: Life on the Edge,2020,"April 3, 2020"
Perri,1957,"November 12, 2019"
Pete's Dragon,1977,"October 1, 2019"
Pete's Dragon,2016,"November 12, 2019"
Peter Pan,1953,"November 12, 2019"
Peter Pan 2: Return to Never Land,2002,"November 12, 2019"
Phantom of the Megaplex,2000,"November 12, 2019"
Phil of the Future,2004–2006,"November 12, 2019"
Phineas and Ferb,2007–2015,"November 12, 2019"
Phineas and Ferb the Movie: Across the 2nd Dimension,2011,"November 12, 2019"
Pick of the Litter,2019–,"December 20, 2019"
Piglet's Big Movie,2003,"November 12, 2019"
Pinocchio,1940,"November 12, 2019"
Piper,2016,"November 12, 2019"
Pirates of the Caribbean: At World's End,2007,"November 12, 2019"
Pirates of the Caribbean: Dead Man's Chest,2006,"November 12, 2019"
Pirates of the Caribbean: On Stranger Tides,2011,"May 1, 2020"
Pirates of the Caribbean: The Curse of the Black Pearl,2003,"November 12, 2019"
Pixar in Real Life,2019–,"November 12, 2019"
Pixel Perfect,2004,"November 12, 2019"
PJ Masks,2015–,"November 12, 2019"
Pluto's Christmas Tree,1952,"November 12, 2019"
Pluto's Party,1952,"April 3, 2020"
Pluto's Purchase,1948,"April 17, 2020"
Pocahontas,1995,"November 12, 2019"
Pocahontas II: Journey to a New World,1998,"November 12, 2019"
Pollyanna,1960,"November 12, 2019"
Pooh's Grand Adventure: The Search for Christopher Robin,1997,"November 12, 2019"
Pooh's Heffalump Movie,2005,"November 12, 2019"
Presto,2008,"November 12, 2019"
Primal Survivor,2016–,"May 1, 2020"
Princess Protection Program,2009,"November 12, 2019"
Prom,2011,"April 1, 2020"
Prowlers of the Everglades,1953,"May 1, 2020"
Puppy Dog Pals,2017–,"November 12, 2019"
Purl,2018,"November 12, 2019"
Quack Pack,1996–1997,"November 12, 2019"
Queen of Katwe,2016,"November 12, 2019"
Quints,2000,"November 12, 2019"
Ratatouille,2007,"November 12, 2019"
Read It and Weep,2006,"November 12, 2019"
Ready to Run,2000,"November 12, 2019"
Recess: All Growed Down,2003,"November 12, 2019"
Recess: School's Out,2001,"November 12, 2019"
Recess: Taking the Fifth Grade,2003,"November 12, 2019"
Red Tails,2012,"January 1, 2020"
Red's Dream,1987,"November 12, 2019"
Remember the Titans,2000,"November 12, 2019"
Return from Witch Mountain,1978,"November 12, 2019"
Return to Halloweentown,2006,"November 12, 2019"
Return to Oz,1985,"November 12, 2019"
Richie Rich's Christmas Wish,1998,"November 12, 2019"
Right on Track,2003,"November 12, 2019"
Rip Girls,2000,"November 12, 2019"
Robin Hood,1973,"November 12, 2019"
Rocky Mountain Animal Rescue,2018,"November 12, 2019"
Rogue One: A Star Wars Story,2016,"November 12, 2019"
Rookie of the Year,1993,"November 12, 2019"
Roving Mars,2006,"November 12, 2019"
Ruby Bridges,1998,"November 12, 2019"
Running Wild with Bear Grylls,2014–,"April 10, 2020"
Sacred Planet,2004,"November 12, 2019"
Saludos Amigos,1942,"November 12, 2019"
Sanjay's Super Team,2015,"November 12, 2019"
Santa Paws 2: The Santa Pups,2012,"November 12, 2019"
Santa's Workshop,1932,"November 12, 2019"
Saving Mr. Banks,2013,"November 12, 2019"
Science Fair,2018,"November 12, 2019"
Sea of Hope: America's Underwater Treasures,2017,"November 12, 2019"
Sea Scouts,1939,"April 3, 2020"
Secret of the Wings,2012,"November 12, 2019"
Secretariat,2010,"November 12, 2019"
The Secret of Christ's Tomb,2017,"November 12, 2019"
Secrets of Life,1956,"November 12, 2019"
Secrets of the King Cobra,2010,"November 12, 2019"
Secrets of the Zoo,2018–,"May 1, 2020"
Shake It Up,2010–2013,"November 12, 2019"
Sharks of Lost Island,2013,"November 12, 2019"
Sharpay's Fabulous Adventure,2011,"November 12, 2019"
Sheriff Callie's Wild West,2014–,"December 1, 2019"
Shipwrecked,1990,"November 12, 2019"
Shop Class,2020–,"February 28, 2020"
Silver Surfer,1998,"November 12, 2019"
The Simpsons Movie,2007,"November 12, 2019"
Sister Act,1992,"November 12, 2019"
Sister Act 2: Back in the Habit,1993,"November 12, 2019"
Skyrunners,2009,"November 12, 2019"
Sleeping Beauty,1959,"November 12, 2019"
Smart Guy,1997–1999,"October 1, 2019"
Smart House,1999,"November 12, 2019"
Smash and Grab,2019,"November 12, 2019"
Snow Dogs,2002,"November 12, 2019"
Snow White and the Seven Dwarfs,1937,"November 12, 2019"
Snowball Express,1972,"November 12, 2019"
Snowglobe,2007,"November 12, 2019"
So Weird,1999–2001,"November 12, 2019"
Society Dog Show,1939,"November 12, 2019"
Sonny with a Chance,2009–2011,"April 3, 2020"
Soy Luna,2016–,"January 1, 2020"
Spider-Man,1981–1982,"November 12, 2019"
Spider-Man and His Amazing Friends,1981–1986,"November 12, 2019"
Spider-Man Unlimited,1999–2005,"November 12, 2019"
Spider-Woman,1979–1980,"November 12, 2019"
Splash,1984,"February 14, 2020"
Star Wars: Forces of Destiny,2017–,"November 12, 2019"
Star Wars Rebels,2014–2018,"November 12, 2019"
Star Wars Resistance,2018–,"November 12, 2019"
Star Wars: Episode IV - A New Hope,1977,"November 12, 2019"
Star Wars: Episode II - Attack of the Clones,2002,"November 12, 2019"
Star Wars Blips,2017,"November 12, 2019"
Star Wars: Episode VI - Return of the Jedi,1983,"November 12, 2019"
Star Wars: Episode III - Revenge of the Sith,2005,"November 12, 2019"
Star Wars: The Clone Wars,2008–2020,"November 12, 2019"
Star Wars: The Clone Wars,2008,"November 12, 2019"
Star Wars: Episode V - The Empire Strikes Back,1980,"November 12, 2019"
Star Wars: Episode VII - The Force Awakens,2015,"November 12, 2019"
Star Wars: Episode VIII - The Last Jedi,2017,"December 26, 2019"
Star Wars: Episode I - The Phantom Menace,1999,"November 12, 2019"
Stargirl,2020,"March 13, 2020"
StarStruck,2010,"November 12, 2019"
Steamboat Willie,1928,"November 12, 2019"
Stepsister from Planet Weird,2000,"November 12, 2019"
Stitch! The Movie,2003,"November 12, 2019"
Stonehenge: Decoded,2008,"November 12, 2019"
Stuck in the Suburbs,2004,"November 12, 2019"
Super Buddies,2013,"November 12, 2019"
Super Rhino,2009,"January 1, 2020"
Supercar Superbuild,2014–,"December 1, 2019"
Swiss Family Robinson,1940,"November 12, 2019"
Swiss Family Robinson,1960,"November 12, 2019"
TaleSpin,1990–1991,"November 12, 2019"
Tall Tale,1995,"November 12, 2019"
Tangled,2010,"November 12, 2019"
Tangled: Before Ever After,2017,"November 12, 2019"
Tangled: The Series,2017–2020,"November 12, 2019"
Tarzan & Jane,2002,"November 12, 2019"
Teacher's Pet,2004,"November 12, 2019"
Teacher's Pet,2000–2005,"November 12, 2019"
Teen Beach 2,2015,"November 12, 2019"
Teen Beach Movie,2013,"November 12, 2019"
Teen Spirit,2011,"November 12, 2019"
That Darn Cat,1997,"November 12, 2019"
That Darn Cat!,1965,"November 12, 2019"
That's So Raven,2003–2007,"October 1, 2019"
The Absent Minded Professor,1961,"November 12, 2019"
The Adventures of Bullwhip Griffin,1967,"November 12, 2019"
The Adventures of Huck Finn,1993,"November 12, 2019"
The Adventures of Ichabod and Mr. Toad,1949,"November 12, 2019"
The Adventures of Spin and Marty,1955–,"November 12, 2019"
The African Lion,1955,"November 12, 2019"
The Apple Dumpling Gang,1975,"November 12, 2019"
The Apple Dumpling Gang Rides Again,1979,"November 12, 2019"
The Aristocats,1970,"November 12, 2019"
The Art of Skiing,1941,"November 12, 2019"
The Avengers: Earth's Mightiest Heroes,2010–2012,"November 12, 2019"
Avengers: United They Stand,1999–2000,"November 12, 2019"
The Band Concert,1935,"November 12, 2019"
The Bears and I,1974,"November 12, 2019"
The BFG,2016,"November 12, 2019"
The Big Bad Wolf,1934,"November 12, 2019"
The Biscuit Eater,1972,"November 12, 2019"
The Black Cauldron,1985,"November 12, 2019"
The Black Hole,1979,"November 12, 2019"
The Blue Umbrella,2013,"November 12, 2019"
The Book of Pooh,2001–2004,"November 12, 2019"
The Boy Who Talked to Badgers,1975,"April 3, 2020"
The Brave Little Toaster Goes to Mars,1998,"November 12, 2019"
The Castaway Cowboy,1974,"November 12, 2019"
The Cat from Outer Space,1978,"October 1, 2019"
The Cheetah Girls,2003,"November 12, 2019"
The Cheetah Girls 2,2006,"November 12, 2019"
The Cheetah Girls: One World,2008,"November 12, 2019"
The Christmas Star,1986,"November 12, 2019"
The Chronicles of Narnia: Prince Caspian,2008,"November 12, 2019"
"The Chronicles of Narnia: The Lion, the Witch and the Wardrobe",2005,"November 12, 2019"
The Color of Friendship,2000,"November 12, 2019"
The Computer Wore Tennis Shoes,1969,"November 12, 2019"
The Country Bears,2002,"November 12, 2019"
The Emperor's New Groove,2000,"November 12, 2019"
The Even Stevens Movie,2003,"November 12, 2019"
The Finest Hours,2016,"March 6, 2020"
The Flood,2018,"November 12, 2019"
The Fox and the Hound,1981,"November 12, 2019"
The Fox and the Hound 2,2006,"November 12, 2019"
The Game Plan,2007,"November 12, 2019"
The Ghosts of Buxley Hall,1980,"November 12, 2019"
The Goddess of Spring,1934,"November 12, 2019"
The Golden Touch,1935,"November 12, 2019"
The Good Dinosaur,2015,"November 12, 2019"
The Great Mouse Detective,1986,"October 1, 2019"
The Great Muppet Caper,1981,"November 12, 2019"
The Greatest Game Ever Played,2005,"November 12, 2019"
The Haunted Mansion,2003,"November 12, 2019"
The Hockey Champ,1939,"November 12, 2019"
The Hunchback of Notre Dame,1996,"November 12, 2019"
The Hunchback of Notre Dame 2: The Secret of the Bell,2002,"November 12, 2019"
The Imagineering Story,2019–,"November 12, 2019"
The Incredible Dr. Pol,2011–,"November 12, 2019"
The Incredible Journey,1963,"November 12, 2019"
The Incredibles,2004,"November 12, 2019"
The Journey of Natty Gann,1985,"November 12, 2019"
The Jungle Book,1967,"November 12, 2019"
The Jungle Book 2,2003,"November 12, 2019"
The Jungle Book: Mowgli's Story,1998,"November 12, 2019"
The Last Song,2010,"April 1, 2020"
The Legend of Mor'du,2012,"November 12, 2019"
The Lion King,2019,"January 28, 2020"
The Lion King 3: Hakuna Matata,2004,"November 12, 2019"
The Lion King 2: Simba's Pride,1998,"November 12, 2019"
The Lion King,1994,"November 12, 2019"
The Little Mermaid,1989,"November 12, 2019"
The Little Mermaid 2: Return to the Sea,2000,"November 12, 2019"
The Little Mermaid: Ariel's Beginning,2008,"November 12, 2019"
The Living Desert,1953,"November 12, 2019"
Lizzie McGuire,2003,"November 12, 2019"
The Lodge,2016–,"January 1, 2020"
The Lost Tomb of Alexander the Great,2019,"November 12, 2019"
The Love Bug,1968,"November 12, 2019"
The Mandalorian,2019–,"November 12, 2019"
The Many Adventures of Winnie the Pooh,1977,"November 12, 2019"
The Million Dollar Duck,1971,"November 12, 2019"
The Mistle-Tones,2012,"November 12, 2019"
The Muppet Christmas Carol,1992,"November 12, 2019"
The Muppet Movie,1979,"November 12, 2019"
The Muppets,2011,"November 12, 2019"
The Muppets.,2015–2016,"November 12, 2019"
The New Adventures of Winnie the Pooh,1988–1991,"November 12, 2019"
The New Neighbor,1953,"April 3, 2020"
The Odd Life of Timothy Green,2012,"April 1, 2020"
The Old Mill,1937,"November 12, 2019"
The Olympic Champ,1942,"November 12, 2019"
The Olympic Elk,1952,"April 24, 2020"
The Other Me,2000,"November 12, 2019"
The Parent Trap,1961,"November 12, 2019"
The Parent Trap,1998,"November 12, 2019"
The Pied Piper,1933,"November 12, 2019"
The Poof Point,2001,"November 12, 2019"
The Prince and the Pauper,1962,"November 12, 2019"
The Prince and the Pauper,1990,"November 12, 2019"
The Princess and the Frog,2009,"November 12, 2019"
The Princess Bride,1987,"May 1, 2020"
The Princess Diaries,2001,"November 12, 2019"
The Princess Diaries 2: Royal Engagement,2004,"November 12, 2019"
The Proud Family,2001–2005,"January 1, 2020"
The Proud Family Movie,2005,"November 12, 2019"
The Reluctant Dragon,1941,"November 12, 2019"
The Replacements,2006–2009,"November 12, 2019"
The Rescuers,1977,"November 12, 2019"
The Rescuers Down Under,1990,"November 12, 2019"
The Rocketeer,1991,"November 12, 2019"
The Rookie,2002,"November 12, 2019"
The Sandlot: Heading Home,2007,"March 6, 2020"
The Santa Clause,1994,"November 12, 2019"
The Santa Clause 2,2002,"November 12, 2019"
The Santa Clause 3: The Escape Clause,2006,"November 12, 2019"
The Scream Team,2002,"November 12, 2019"
The Secret of the Magic Gourd,2007,"November 12, 2019"
The Shaggy D.A.,1976,"November 12, 2019"
The Shaggy Dog,1959,"November 12, 2019"
The Sign of Zorro,1958,"November 12, 2019"
The Simpsons,1989–,"November 12, 2019"
The Small One,1978,"April 3, 2020"
The Sound of Music,1965,"November 12, 2019"
The Story of Robin Hood and His Merrie Men,1952,"November 12, 2019"
The Straight Story,1999,"April 3, 2020"
The Strongest Man in the World,1975,"November 12, 2019"
The Suite Life Movie,2011,"November 12, 2019"
The Suite Life of Zack & Cody,2005–2008,"November 12, 2019"
The Suite Life on Deck,2008–2011,"November 12, 2019"
The Super Hero Squad Show,2009–2011,"January 1, 2020"
The Swap,2016,"November 12, 2019"
The Sword in the Stone,1963,"October 1, 2019"
The Thirteenth Year,1999,"November 12, 2019"
The Three Caballeros,1944,"November 12, 2019"
The Three Musketeers,1993,"November 12, 2019"
The Tigger Movie,2000,"November 12, 2019"
The Tortoise and the Hare,1935,"November 12, 2019"
The Ugly Dachshund,1966,"November 12, 2019"
Ugly Duckling,1939,"November 12, 2019"
The Ultimate Christmas Present,2000,"November 12, 2019"
The Vanishing Prairie,1954,"November 12, 2019"
The Wild,2006,"November 12, 2019"
The Wise Little Hen,1934,"November 12, 2019"
The Wizards Return: Alex vs. Alex,2013,"November 12, 2019"
The Little Mermaid Live!,2019,"November 27, 2019"
The World According to Jeff Goldblum,2019–,"November 12, 2019"
The Young Black Stallion,2003,"November 12, 2019"
Those Calloways,1965,"October 1, 2019"
Three Days,2001,"November 12, 2019"
Three Little Pigs,1933,"November 12, 2019"
Three Men and a Baby,1987,"November 12, 2019"
Three Men and a Little Lady,1990,"November 12, 2019"
Thumbelina,1994,"November 12, 2019"
Tiger Cruise,2004,"November 12, 2019"
The Nightmare Before Christmas,1993,"November 12, 2019"
Timmy Failure: Mistakes Were Made,2020,"February 7, 2020"
Timon & Pumbaa,1995–1999,"November 12, 2019"
Tin Toy,1988,"November 12, 2019"
Tinker Bell,2008,"November 12, 2019"
Tinker Bell and the Great Fairy Rescue,2010,"November 12, 2019"
Tinker Bell and the Lost Treasure,2009,"November 12, 2019"
Titanic: 20 Years Later with James Cameron,2017,"November 12, 2019"
Toby Tortoise Returns,1936,"November 12, 2019"
Togo,2019,"December 20, 2019"
Tom and Huck,1995,"November 12, 2019"
Toy Story,1995,"November 12, 2019"
Toy Story 2,1999,"November 12, 2019"
Toy Story 3,2010,"November 12, 2019"
Toy Story 4,2019,"February 5, 2020"
Toy Story Toons: Hawaiian Vacation,2011,"November 12, 2019"
Toy Story Toons: Small Fry,2011,"November 12, 2019"
Trail of the Panda,2009,"November 12, 2019"
Trailer Horn,1950,"November 12, 2019"
Treasure Island,1950,"November 12, 2019"
Treasure of Matecumbe,1976,"November 12, 2019"
Treasure Planet,2002,"November 12, 2019"
TRON,1982,"November 12, 2019"
TRON: Uprising,2012–2013,"November 12, 2019"
TRON: Legacy,2010,"November 12, 2019"
Tru Confessions,2002,"November 12, 2019"
Tuck Everlasting,2002,"November 12, 2019"
Tugboat Mickey,1940,"November 12, 2019"
Turner & Hooch,1989,"November 12, 2019"
Tutankhamen's Treasures,2018,"April 10, 2020"
'Twas the Night,2001,"November 12, 2019"
Twitches,2005,"November 12, 2019"
Twitches Too,2007,"November 12, 2019"
Unidentified Flying Oddball,1979,"November 12, 2019"
Unlikely Animal Friends,2012–,"February 21, 2020"
Up,2009,"November 12, 2019"
"Up, Up, and Away!",2000,"November 12, 2019"
Valiant,2005,"November 12, 2019"
Viking Warrior Women,2019,"February 28, 2020"
Violetta,2012–,"November 12, 2019"
Waking Sleeping Beauty,2009,"November 12, 2019"
WALL·E,2008,"November 12, 2019"
Water Birds,1952,"May 1, 2020"
Wendy Wu: Homecoming Warrior,2006,"November 12, 2019"
Whispers: An Elephant's Tale,2000,"November 12, 2019"
White Fang,1991,"November 12, 2019"
Who Framed Roger Rabbit,1988,"November 12, 2019"
Wicked Tuna,2012–,"February 1, 2020"
Willow,1988,"November 12, 2019"
Wind,2019,"December 13, 2019"
Winged Seduction: Birds of Paradise,2012,"November 12, 2019"
Winnie the Pooh,2011,"November 12, 2019"
Winnie the Pooh: A Very Merry Pooh Year,2002,"November 12, 2019"
Winnie the Pooh: Springtime with Roo,2003,"November 12, 2019"
Winter Storage,1949,"November 12, 2019"
Wizards of Waverly Place,2007–2012,"November 12, 2019"
Wizards of Waverly Place: The Movie,2009,"November 12, 2019"
Wolverine and the X-Men,2008–2009,"November 12, 2019"
BarkFest,2017–,"November 12, 2019"
Wreck-It Ralph,2012,"November 12, 2019"
X-Men: Evolution,2000–2003,"November 12, 2019"
Year Million,2017,"January 1, 2020"
Yellowstone Cubs,1963,"November 12, 2019"
You Lucky Dog,1998,"November 12, 2019"
You Wish!,2003,"November 12, 2019"
Your Friend the Rat,2007,"November 12, 2019"
Z-O-M-B-I-E-S,2018,"November 12, 2019"
Zapped,2014,"November 12, 2019"
Zenon: Girl of the 21st Century,1999,"November 12, 2019"
Zenon: The Zequel,2001,"November 12, 2019"
Zenon: Z3,2004,"November 12, 2019"
Zootopia,2016,"November 12, 2019"
